{
    "name": "root",
    "gauges": {
        "Bomberman.Policy.Entropy.mean": {
            "value": 2.2143394947052,
            "min": 2.2143394947052,
            "max": 2.2143394947052,
            "count": 1
        },
        "Bomberman.Policy.Entropy.sum": {
            "value": 22158.89453125,
            "min": 22158.89453125,
            "max": 22158.89453125,
            "count": 1
        },
        "Bomberman.Step.mean": {
            "value": 9943.0,
            "min": 9943.0,
            "max": 9943.0,
            "count": 1
        },
        "Bomberman.Step.sum": {
            "value": 9943.0,
            "min": 9943.0,
            "max": 9943.0,
            "count": 1
        },
        "Bomberman.Policy.ExtrinsicValueEstimate.mean": {
            "value": -4.1498541831970215,
            "min": -4.1498541831970215,
            "max": -4.1498541831970215,
            "count": 1
        },
        "Bomberman.Policy.ExtrinsicValueEstimate.sum": {
            "value": -676.42626953125,
            "min": -676.42626953125,
            "max": -676.42626953125,
            "count": 1
        },
        "Bomberman.Environment.EpisodeLength.mean": {
            "value": 488.63157894736844,
            "min": 488.63157894736844,
            "max": 488.63157894736844,
            "count": 1
        },
        "Bomberman.Environment.EpisodeLength.sum": {
            "value": 9284.0,
            "min": 9284.0,
            "max": 9284.0,
            "count": 1
        },
        "Bomberman.Environment.CumulativeReward.mean": {
            "value": -76.96842140273044,
            "min": -76.96842140273044,
            "max": -76.96842140273044,
            "count": 1
        },
        "Bomberman.Environment.CumulativeReward.sum": {
            "value": -1462.4000066518784,
            "min": -1462.4000066518784,
            "max": -1462.4000066518784,
            "count": 1
        },
        "Bomberman.Policy.ExtrinsicReward.mean": {
            "value": -76.96842140273044,
            "min": -76.96842140273044,
            "max": -76.96842140273044,
            "count": 1
        },
        "Bomberman.Policy.ExtrinsicReward.sum": {
            "value": -1462.4000066518784,
            "min": -1462.4000066518784,
            "max": -1462.4000066518784,
            "count": 1
        },
        "Bomberman.Losses.PolicyLoss.mean": {
            "value": 0.09962054474211375,
            "min": 0.09962054474211375,
            "max": 0.09962054474211375,
            "count": 1
        },
        "Bomberman.Losses.PolicyLoss.sum": {
            "value": 0.398482178968455,
            "min": 0.398482178968455,
            "max": 0.398482178968455,
            "count": 1
        },
        "Bomberman.Losses.ValueLoss.mean": {
            "value": 2.358630104921758,
            "min": 2.358630104921758,
            "max": 2.358630104921758,
            "count": 1
        },
        "Bomberman.Losses.ValueLoss.sum": {
            "value": 9.434520419687033,
            "min": 9.434520419687033,
            "max": 9.434520419687033,
            "count": 1
        },
        "Bomberman.Policy.LearningRate.mean": {
            "value": 0.00029685585104804996,
            "min": 0.00029685585104804996,
            "max": 0.00029685585104804996,
            "count": 1
        },
        "Bomberman.Policy.LearningRate.sum": {
            "value": 0.0011874234041921998,
            "min": 0.0011874234041921998,
            "max": 0.0011874234041921998,
            "count": 1
        },
        "Bomberman.Policy.Epsilon.mean": {
            "value": 0.19895195000000002,
            "min": 0.19895195000000002,
            "max": 0.19895195000000002,
            "count": 1
        },
        "Bomberman.Policy.Epsilon.sum": {
            "value": 0.7958078000000001,
            "min": 0.7958078000000001,
            "max": 0.7958078000000001,
            "count": 1
        },
        "Bomberman.Policy.Beta.mean": {
            "value": 0.004947702305,
            "min": 0.004947702305,
            "max": 0.004947702305,
            "count": 1
        },
        "Bomberman.Policy.Beta.sum": {
            "value": 0.01979080922,
            "min": 0.01979080922,
            "max": 0.01979080922,
            "count": 1
        },
        "Bomberman.IsTraining.mean": {
            "value": 1.0,
            "min": 1.0,
            "max": 1.0,
            "count": 1
        },
        "Bomberman.IsTraining.sum": {
            "value": 1.0,
            "min": 1.0,
            "max": 1.0,
            "count": 1
        }
    },
    "metadata": {
        "timer_format_version": "0.1.0",
        "start_time_seconds": "1776933524",
        "python_version": "3.10.11 (tags/v3.10.11:7d4cc5a, Apr  5 2023, 00:38:17) [MSC v.1929 64 bit (AMD64)]",
        "command_line_arguments": "C:\\Users\\nildi\\BomberMan\\mlagents_env\\Scripts\\mlagents-learn bomberman_config.yaml --run-id=Bomberman_V4 --force",
        "mlagents_version": "1.1.0",
        "mlagents_envs_version": "1.1.0",
        "communication_protocol_version": "1.5.0",
        "pytorch_version": "2.2.2+cpu",
        "numpy_version": "1.23.5",
        "end_time_seconds": "1776933722"
    },
    "total": 197.4157325000001,
    "count": 1,
    "self": 0.006923700000243116,
    "children": {
        "run_training.setup": {
            "total": 0.07305489999998827,
            "count": 1,
            "self": 0.07305489999998827
        },
        "TrainerController.start_learning": {
            "total": 197.33575389999987,
            "count": 1,
            "self": 0.30186530001174106,
            "children": {
                "TrainerController._reset_env": {
                    "total": 34.479762200000096,
                    "count": 1,
                    "self": 34.479762200000096
                },
                "TrainerController.advance": {
                    "total": 162.34837259998812,
                    "count": 10218,
                    "self": 0.3356738999727895,
                    "children": {
                        "env_step": {
                            "total": 154.21120080001106,
                            "count": 10218,
                            "self": 122.84610650001514,
                            "children": {
                                "SubprocessEnvManager._take_step": {
                                    "total": 31.147526699996433,
                                    "count": 10218,
                                    "self": 0.8877631000075326,
                                    "children": {
                                        "TorchPolicy.evaluate": {
                                            "total": 30.2597635999889,
                                            "count": 10201,
                                            "self": 30.2597635999889
                                        }
                                    }
                                },
                                "workers": {
                                    "total": 0.21756759999948372,
                                    "count": 10217,
                                    "self": 0.0,
                                    "children": {
                                        "worker_root": {
                                            "total": 165.0608186000054,
                                            "count": 10217,
                                            "is_parallel": true,
                                            "self": 61.78198179999845,
                                            "children": {
                                                "steps_from_proto": {
                                                    "total": 0.0019865000001573208,
                                                    "count": 1,
                                                    "is_parallel": true,
                                                    "self": 0.0010332000001653796,